hour,day_of_week,weather,temperature,traffic_volume
6,6,Clear,38,233
13,6,Rain,38,459
22,1,Rain,38,379
20,0,Fog,23,407
9,1,Clear,34,897
2,5,Clear,37,319
16,5,Clear,30,162
1,2,Fog,32,493
1,4,Clear,33,234
10,2,Fog,31,279
2,0,Fog,23,560
17,4,Rain,26,1107
11,4,Clear,35,291
9,4,Clear,36,787
7,0,Fog,33,943
9,2,Clear,29,755
6,1,Rain,29,519
3,1,Fog,39,545
1,0,Fog,38,548
9,1,Clear,35,841
19,4,Rain,24,1016
11,6,Clear,20,390
1,0,Clear,25,273
22,2,Rain,36,590
23,0,Rain,23,455
7,4,Rain,22,1157
22,3,Rain,35,369
10,1,Rain,33,551
2,4,Rain,33,566
11,2,Fog,34,540
17,0,Fog,36,1087
17,5,Rain,32,656
19,1,Rain,33,1092
14,5,Clear,39,226
16,0,Clear,39,487
10,0,Rain,36,534
8,1,Clear,22,870
19,5,Clear,21,540
15,0,Rain,38,563
22,4,Rain,31,579
13,3,Fog,29,361
15,6,Rain,26,387
4,5,Rain,28,430
8,5,Clear,35,550
9,3,Fog,24,831
14,1,Fog,29,469
17,0,Clear,30,995
18,5,Clear,38,712
5,1,Rain,31,335
14,0,Rain,32,618
15,2,Fog,38,518
13,0,Fog,27,357
8,4,Rain,29,973
17,5,Rain,32,904
1,6,Fog,34,445
14,1,Clear,21,212
12,1,Clear,28,484
0,3,Fog,21,536
17,5,Fog,21,630
0,6,Fog,32,447
22,4,Clear,25,411
22,6,Fog,23,219
18,4,Clear,34,776
9,0,Clear,26,774
14,6,Clear,34,118
21,3,Clear,20,253
23,6,Fog,26,297
8,3,Clear,39,925
20,1,Fog,29,498
11,2,Clear,33,467
15,5,Clear,34,335
11,4,Fog,37,525
18,3,Clear,35,733
1,0,Rain,31,448
17,0,Fog,24,1070
10,0,Fog,39,493
10,4,Fog,27,382
13,5,Clear,21,184
10,0,Rain,27,471
6,0,Rain,29,502
1,5,Clear,26,163
3,2,Fog,31,434
19,3,Clear,39,582
18,3,Fog,30,793
23,0,Fog,22,566
14,3,Clear,34,423
23,0,Clear,20,221
14,6,Rain,24,266
3,1,Fog,29,482
16,0,Fog,39,510
13,2,Clear,31,204
4,1,Rain,35,424
20,5,Clear,21,131
23,3,Rain,26,487
21,3,Fog,21,553
17,6,Clear,38,669
12,4,Clear,34,348
21,2,Clear,23,352
2,6,Rain,28,364
23,4,Clear,31,295
0,1,Fog,35,544
13,3,Clear,22,452
6,4,Rain,38,428
21,5,Clear,24,162
14,3,Clear,30,458
6,1,Fog,35,417
21,6,Rain,39,429
10,0,Clear,24,453
4,0,Rain,20,623
16,0,Fog,33,372
22,0,Clear,31,418
4,2,Fog,31,572
2,5,Fog,25,245
14,0,Rain,31,533
15,1,Rain,35,421
20,3,Rain,33,623
21,0,Fog,27,466
3,0,Clear,29,495
0,3,Clear,30,379
21,0,Fog,36,405
8,1,Clear,25,801
15,1,Clear,38,294
7,4,Fog,24,914
10,1,Clear,38,452
9,6,Fog,23,822
23,6,Rain,34,353
20,4,Rain,23,458
1,5,Fog,27,243
20,1,Clear,29,367
3,3,Fog,20,421
20,0,Rain,25,474
23,3,Fog,34,393
11,3,Clear,23,342
0,2,Rain,37,576
5,5,Clear,36,350
1,6,Fog,28,436
13,3,Clear,33,214
16,0,Clear,21,422
7,1,Clear,23,855
8,4,Clear,25,890
11,6,Clear,24,191
10,4,Rain,33,528
13,1,Fog,32,410
11,2,Clear,37,480
2,0,Rain,25,642
8,3,Fog,22,798
2,2,Clear,20,335
9,4,Rain,28,1008
14,3,Rain,39,533
15,5,Rain,39,253
20,1,Rain,33,356
2,4,Clear,26,254
14,6,Rain,26,566
10,3,Clear,39,498
13,6,Fog,22,231
8,3,Rain,29,1027
18,4,Clear,31,966
7,1,Clear,23,837
17,6,Clear,39,681
23,5,Rain,21,475
20,5,Fog,30,382
13,2,Rain,39,626
1,5,Rain,36,203
23,3,Fog,29,303
4,0,Fog,38,543
15,1,Fog,29,425
3,1,Rain,26,409
22,3,Clear,36,385
15,5,Clear,36,212
17,0,Clear,25,716
0,5,Fog,37,283
10,3,Clear,26,330
12,0,Fog,20,339
1,2,Rain,30,320
13,2,Clear,35,210
23,6,Fog,33,446
18,2,Rain,39,1018
17,5,Rain,31,917
9,0,Clear,30,925
1,4,Rain,22,588
4,6,Fog,38,284
11,4,Fog,23,484
8,6,Clear,23,782
19,2,Clear,20,848
2,1,Fog,37,553
21,2,Fog,30,455
13,0,Clear,31,460
3,5,Rain,30,281
15,5,Clear,37,152
1,0,Fog,35,354
12,6,Fog,20,367
5,1,Clear,27,399
7,5,Clear,23,586
14,5,Fog,34,538
6,1,Clear,24,315
18,5,Fog,36,787
23,0,Fog,24,332
13,2,Clear,36,466
6,4,Clear,21,431
5,6,Clear,24,336
19,4,Rain,24,781
14,3,Fog,26,343
18,3,Rain,24,1070
11,1,Rain,29,574
0,5,Fog,21,263
3,0,Rain,35,640
8,2,Rain,29,1093
16,0,Rain,36,678
21,4,Clear,37,426
5,3,Rain,22,575
5,4,Fog,22,573
19,6,Fog,26,840
12,3,Clear,37,384
14,3,Rain,33,415
1,2,Rain,38,430
21,3,Clear,30,471
1,6,Rain,27,319
13,5,Rain,34,452
12,5,Clear,27,280
17,1,Clear,37,782
15,5,Clear,36,222
18,6,Clear,31,901
12,3,Clear,21,423
7,1,Clear,22,805
3,6,Rain,29,535
9,5,Clear,22,870
10,4,Clear,30,330
12,6,Fog,34,367
3,4,Rain,34,632
13,6,Fog,23,253
9,6,Clear,35,551
12,3,Clear,34,368
20,2,Fog,25,487
21,3,Fog,39,325
7,0,Fog,30,931
13,5,Rain,28,541
23,4,Fog,33,483
5,1,Rain,38,592
10,3,Clear,36,495
0,2,Rain,35,652
21,1,Clear,37,251
23,5,Rain,27,530
22,0,Fog,36,534
8,6,Clear,26,834
7,1,Clear,26,798
16,5,Rain,28,377
3,3,Rain,36,374
21,0,Rain,24,541
2,4,Fog,25,389
13,1,Rain,22,432
20,6,Clear,29,238
13,3,Fog,35,346
8,3,Rain,28,825
15,5,Clear,37,126
20,5,Clear,26,123
18,0,Clear,20,837
9,2,Fog,24,686
7,0,Fog,30,975
16,6,Fog,32,167
15,6,Fog,34,401
20,0,Rain,23,611
22,4,Fog,22,350
15,6,Rain,21,293
12,1,Clear,38,497
1,3,Fog,26,422
10,3,Clear,21,209
6,3,Fog,24,466
6,1,Rain,23,635
12,1,Fog,33,469
20,1,Clear,22,377
11,4,Clear,26,278
14,0,Fog,30,401
18,3,Rain,34,934
13,3,Rain,35,565
17,5,Fog,21,730
12,5,Clear,24,149
19,1,Rain,24,863
10,0,Fog,35,361
22,3,Clear,30,431
2,3,Rain,24,425
22,3,Clear,39,307
3,3,Fog,27,418
19,6,Fog,29,865
17,6,Rain,27,1039
11,6,Rain,33,370
9,0,Rain,31,818
21,4,Rain,27,611
0,3,Fog,28,329
16,0,Rain,25,577
14,4,Clear,30,244
7,6,Fog,29,575
20,3,Clear,23,397
0,4,Fog,37,335
1,1,Clear,34,253
21,2,Rain,21,523
19,5,Fog,24,876
9,3,Rain,36,1024
1,3,Clear,35,282
12,2,Clear,24,360
19,1,Fog,29,908
21,3,Rain,25,354
21,5,Clear,23,77
11,5,Fog,35,495
21,2,Fog,31,366
10,6,Clear,24,264
9,1,Fog,23,952
22,5,Clear,38,328
0,6,Rain,20,320
0,4,Rain,28,548
22,4,Fog,21,466
20,0,Clear,23,324
11,0,Rain,29,433
10,2,Rain,35,657
6,4,Rain,32,379
9,6,Clear,33,722
4,3,Fog,32,457
4,2,Fog,22,337
7,6,Rain,32,798
2,2,Rain,32,524
10,2,Clear,28,316
12,1,Fog,24,382
13,6,Rain,34,505
11,4,Fog,34,314
19,1,Rain,25,844
23,0,Rain,36,503
20,5,Rain,22,566
23,4,Clear,27,468
14,0,Fog,38,368
13,1,Fog,38,312
21,5,Clear,31,298
0,0,Fog,26,525
4,6,Fog,29,395
20,0,Clear,25,264
6,3,Clear,33,320
14,5,Rain,33,346
3,1,Clear,22,462
20,6,Clear,20,324
17,5,Fog,29,588
2,5,Clear,28,161
2,5,Clear,28,245
13,4,Fog,24,306
12,3,Clear,34,394
10,4,Fog,26,440
11,6,Fog,38,413
16,3,Fog,33,458
12,3,Clear,31,371
13,3,Fog,27,546
23,4,Rain,27,419
12,1,Rain,32,384
1,2,Fog,31,317
20,0,Clear,22,386
19,6,Clear,27,730
23,6,Clear,26,262
11,6,Rain,23,460
12,4,Rain,21,662
4,1,Rain,21,506
11,0,Fog,27,528
23,6,Clear,34,168
22,5,Clear,33,420
5,4,Rain,32,526
11,3,Fog,36,372
4,0,Clear,29,460
11,0,Rain,28,402
4,5,Clear,30,199
3,3,Clear,26,303
14,2,Fog,25,404
12,2,Rain,28,555
16,1,Fog,37,359
16,4,Clear,21,334
20,3,Rain,37,644
23,6,Clear,30,111
22,3,Fog,33,336
4,2,Clear,26,262
15,3,Rain,21,406
17,4,Rain,38,866
3,6,Clear,39,119
0,0,Fog,36,572
18,1,Fog,20,834
1,2,Fog,33,586
19,6,Rain,29,1016
22,0,Clear,28,312
12,3,Rain,25,502
2,0,Clear,22,412
14,2,Clear,31,361
14,2,Fog,21,374
16,1,Rain,37,432
9,5,Fog,31,865
11,6,Clear,39,137
20,4,Clear,32,344
14,4,Clear,27,459
2,0,Rain,24,585
5,2,Rain,32,451
5,6,Rain,37,469
14,0,Clear,25,364
3,1,Rain,33,540
23,1,Fog,23,402
13,5,Rain,33,259
8,0,Fog,22,809
8,3,Clear,26,881
5,6,Rain,37,598
13,5,Rain,27,379
14,5,Rain,21,457
19,5,Fog,25,813
16,2,Fog,38,260
0,3,Fog,23,364
4,6,Rain,35,311
4,1,Fog,38,541
0,1,Fog,29,370
11,1,Rain,33,427
14,5,Fog,29,260
17,3,Fog,24,742
3,1,Clear,32,381
7,3,Fog,39,759
20,3,Rain,32,592
11,5,Clear,21,349
23,5,Clear,37,271
16,1,Clear,23,341
17,1,Rain,35,933
19,3,Rain,21,963
23,5,Fog,25,240
12,0,Clear,30,488
1,6,Fog,24,345
9,1,Clear,39,770
16,6,Fog,33,364
23,1,Clear,22,465
6,6,Clear,29,363
20,0,Fog,27,333
16,0,Clear,29,239
5,3,Fog,38,531
13,4,Clear,21,465
17,0,Rain,35,1013
1,1,Fog,31,422
6,5,Rain,36,216
2,3,Fog,30,473
12,6,Rain,30,481
8,5,Clear,31,739
13,5,Fog,22,187
3,3,Fog,35,337
0,0,Fog,38,426
5,4,Rain,23,515
14,3,Rain,34,315
19,4,Rain,22,998
21,3,Clear,34,357
17,4,Clear,22,890
12,3,Fog,34,560
1,1,Clear,38,271
21,5,Rain,36,494
11,1,Rain,34,360
11,5,Clear,20,236
21,5,Rain,29,435
7,2,Rain,35,903
12,2,Clear,23,498
10,3,Fog,27,333
2,5,Rain,26,275
9,2,Rain,24,1080
9,2,Clear,35,989
3,1,Clear,33,220
0,6,Rain,21,469
16,2,Rain,23,339
5,6,Rain,28,307
16,4,Fog,26,572
5,3,Fog,35,411
12,6,Fog,31,375
18,4,Fog,25,1056
7,5,Rain,28,765
10,4,Fog,34,381
11,1,Clear,34,256
10,5,Rain,33,419
13,1,Clear,24,401
19,5,Fog,27,618
17,2,Clear,28,864
10,1,Clear,30,487
13,5,Rain,33,163
20,4,Fog,31,336
1,3,Fog,26,366
14,1,Rain,38,627
13,2,Fog,24,322
10,2,Clear,26,445
9,5,Rain,35,859
16,5,Clear,29,233
23,6,Fog,37,286
0,0,Rain,20,661
5,1,Fog,22,411
14,0,Fog,20,476
11,0,Fog,30,370
9,1,Rain,35,798
4,1,Rain,37,512
1,3,Fog,27,453
20,0,Clear,32,330
9,1,Fog,29,843
14,2,Fog,28,328
6,5,Rain,37,233
1,2,Rain,37,361
14,1,Clear,31,232
14,5,Rain,24,447
9,6,Fog,38,572
7,2,Clear,34,639
0,3,Fog,25,401
6,3,Rain,36,499
17,4,Rain,22,1066
4,6,Rain,26,494
3,1,Fog,28,330
4,5,Rain,36,331
20,0,Fog,39,580
16,3,Rain,30,435
9,5,Fog,30,1038
9,0,Clear,25,789
4,4,Clear,34,401
11,6,Clear,22,380
21,3,Fog,32,381
23,4,Fog,26,558
8,2,Fog,29,1098
20,5,Fog,23,509
23,6,Rain,35,354
8,1,Fog,20,907
6,1,Clear,26,404
17,2,Rain,26,1109
14,0,Fog,25,543
6,3,Fog,28,503
21,3,Rain,24,547
7,3,Fog,25,1053
22,2,Clear,20,483
19,3,Clear,28,921
17,6,Rain,28,969
14,4,Fog,37,366
18,4,Clear,31,642
6,3,Rain,34,467
5,1,Rain,28,431
0,4,Fog,37,289
16,5,Clear,29,163
23,0,Clear,38,457
10,6,Fog,38,259
17,6,Clear,39,765
21,0,Fog,21,558
2,0,Rain,24,574
14,1,Clear,26,375
17,1,Rain,37,857
11,1,Fog,29,332
15,4,Clear,35,243
10,5,Clear,35,204
7,1,Rain,25,900
2,6,Fog,24,369
19,4,Fog,23,722
19,6,Fog,26,537
0,4,Clear,34,421
15,4,Fog,27,403
6,3,Rain,28,562
9,0,Fog,33,997
14,0,Rain,20,545
22,4,Fog,28,289
8,6,Fog,20,789
16,5,Fog,30,362
22,4,Rain,21,527
1,6,Rain,30,461
12,2,Rain,38,338
16,6,Rain,31,575
15,2,Clear,32,267
9,4,Clear,24,739
21,5,Fog,34,446
12,3,Clear,32,250
9,1,Fog,25,858
23,2,Fog,39,495
4,4,Clear,38,386
5,1,Clear,37,415
7,4,Rain,26,913
12,4,Rain,37,541
23,3,Rain,33,566
0,5,Fog,35,242
13,3,Clear,29,379
2,3,Fog,30,489
9,6,Rain,23,920
11,4,Clear,36,270
22,5,Clear,32,292
14,1,Rain,21,545
21,2,Clear,31,227
4,6,Rain,26,320
4,5,Clear,23,312
19,4,Clear,36,767
4,3,Fog,36,553
19,2,Fog,34,1076
16,2,Fog,25,474
13,1,Clear,35,228
15,3,Clear,27,424
20,6,Clear,25,157
18,1,Rain,36,1147
6,1,Clear,28,261
13,2,Clear,37,373
10,5,Clear,29,370
9,6,Fog,31,783
17,3,Clear,24,676
0,2,Clear,37,384
16,5,Clear,26,280
22,4,Clear,34,345
14,2,Rain,28,574
20,6,Clear,22,251
9,3,Fog,30,851
3,6,Clear,37,314
21,0,Rain,37,682
22,1,Rain,29,554
23,4,Fog,33,392
5,0,Rain,34,486
19,0,Fog,33,1111
15,2,Fog,25,558
0,4,Rain,27,636
5,6,Fog,37,341
10,2,Fog,20,418
9,0,Clear,30,993
18,2,Clear,39,828
13,0,Rain,30,587
0,0,Rain,24,365
7,2,Fog,39,985
21,0,Rain,21,602
16,0,Clear,20,339
2,4,Fog,33,360
15,1,Rain,33,398
4,5,Clear,30,99
16,2,Fog,21,572
11,4,Rain,27,440
6,1,Rain,31,541
15,4,Clear,39,438
14,5,Fog,20,333
4,1,Clear,28,434
17,3,Fog,37,717
12,3,Clear,35,438
10,0,Clear,26,498
19,4,Clear,22,966
21,3,Clear,22,441
1,5,Clear,39,380
12,1,Rain,38,566
23,2,Clear,22,352
6,0,Fog,23,287
16,2,Fog,25,430
19,1,Rain,22,884
17,3,Clear,31,700
8,3,Rain,36,930
17,2,Clear,32,674
20,1,Fog,27,335
16,1,Fog,22,358
23,6,Clear,34,144
5,2,Fog,26,470
7,1,Rain,29,723
16,3,Fog,31,405
14,4,Fog,26,321
7,5,Clear,39,494
10,2,Rain,32,599
19,5,Clear,27,785
3,6,Fog,34,243
15,3,Rain,33,314
8,6,Rain,26,963
19,0,Rain,24,800
3,4,Clear,38,252
7,5,Rain,34,1043
6,2,Rain,37,564
23,4,Clear,22,382
22,6,Rain,33,344
5,6,Fog,30,176
2,4,Fog,34,465
6,5,Rain,21,478
22,1,Rain,37,535
2,0,Fog,22,266
13,0,Rain,26,449
23,0,Clear,37,375
7,0,Fog,26,962
13,6,Fog,39,386
17,2,Clear,20,731
4,4,Clear,21,263
9,6,Clear,28,752
16,3,Rain,38,566
15,1,Rain,37,398
11,0,Clear,30,341
10,4,Rain,30,518
9,5,Clear,26,574
5,4,Clear,31,443
17,1,Fog,36,823
19,1,Clear,30,750
10,5,Clear,32,129
20,1,Clear,37,266
1,1,Rain,26,569
9,5,Clear,20,844
13,0,Fog,22,473
17,1,Fog,37,933
9,5,Fog,28,595
8,2,Rain,22,1089
21,2,Rain,30,670
8,1,Clear,23,841
7,2,Fog,29,696
10,4,Fog,33,513
6,4,Rain,28,492
8,0,Rain,28,896
23,3,Clear,20,431
14,2,Clear,30,230
19,1,Fog,37,801
18,4,Rain,34,1186
11,5,Clear,20,193
9,6,Fog,27,692
2,1,Clear,21,408
4,3,Fog,28,350
23,4,Clear,28,392
2,6,Fog,28,220
10,2,Clear,36,475
22,1,Rain,27,355
0,4,Rain,39,343
20,5,Fog,24,259
4,3,Rain,31,678
11,6,Clear,34,113
16,0,Fog,29,516
16,4,Clear,33,253
18,6,Clear,34,567
3,6,Clear,32,391
4,1,Clear,34,346
5,5,Rain,28,385
7,1,Rain,21,996
3,6,Rain,24,289
19,5,Fog,34,679
1,6,Rain,39,367
1,1,Clear,26,427
22,0,Clear,26,348
23,1,Fog,26,481
4,2,Fog,24,440
18,3,Rain,38,917
3,5,Fog,25,199
22,5,Fog,27,277
15,4,Clear,24,201
13,0,Rain,27,452
7,5,Clear,25,756
20,1,Rain,35,512
10,3,Fog,31,537
14,6,Clear,22,233
10,5,Clear,32,200
13,6,Fog,23,214
10,0,Fog,25,533
2,5,Clear,23,409
2,4,Fog,32,334
6,6,Fog,38,393
16,1,Clear,32,484
9,4,Clear,32,628
7,2,Rain,28,713
10,5,Clear,21,172
10,4,Clear,24,415
21,4,Clear,22,200
22,6,Clear,23,121
14,3,Clear,34,242
3,6,Clear,29,293
14,3,Fog,27,506
2,2,Rain,21,618
10,1,Clear,27,374
5,5,Clear,29,322
19,4,Clear,22,825
22,5,Rain,28,412
0,4,Clear,21,476
17,3,Fog,27,1010
4,2,Fog,35,293
20,5,Clear,36,103
19,5,Rain,34,833
17,2,Rain,25,1182
22,3,Rain,37,513
6,0,Fog,31,511
19,1,Rain,20,1054
19,4,Clear,27,777
19,1,Fog,26,777
22,2,Rain,32,343
18,1,Rain,23,1105
16,2,Clear,23,468
12,3,Rain,25,347
2,4,Fog,35,372
23,5,Fog,25,457
17,6,Rain,23,962
23,4,Clear,28,351
14,4,Rain,30,521
7,6,Clear,34,802
12,5,Fog,28,399
0,1,Clear,30,484
17,0,Rain,21,789
5,3,Clear,24,472
23,6,Clear,32,328
8,2,Rain,34,756
11,6,Clear,20,393
5,4,Clear,22,247
11,5,Fog,20,341
15,4,Clear,23,270
18,3,Clear,39,665
10,3,Clear,30,314
9,3,Rain,26,864
15,0,Fog,24,438
7,5,Clear,30,988
11,0,Fog,27,426
14,4,Rain,32,591
10,0,Clear,21,402
5,6,Fog,32,270
16,4,Fog,37,483
16,2,Rain,33,564
5,2,Fog,26,340
13,2,Fog,28,373
2,6,Fog,22,334
13,3,Rain,26,375
20,5,Fog,25,298
5,3,Rain,29,486
23,0,Rain,25,476
6,0,Clear,32,287
19,3,Clear,26,897
0,4,Clear,24,473
14,0,Clear,24,349
20,5,Fog,30,200
2,4,Clear,29,363
10,0,Fog,35,581
4,5,Clear,23,340
18,2,Clear,20,929
22,4,Clear,23,380
19,2,Fog,23,913
16,2,Fog,25,324
0,5,Rain,33,450
12,2,Fog,38,280
7,3,Clear,31,882
4,0,Rain,21,493
17,5,Fog,21,942
3,3,Clear,36,283
3,2,Clear,27,385
10,6,Clear,28,105
13,1,Fog,34,449
4,4,Rain,27,438
21,6,Rain,37,446
12,4,Fog,27,526
12,3,Clear,33,430
3,0,Clear,36,396
4,4,Rain,22,339
7,3,Clear,39,617
16,3,Clear,29,429
18,5,Rain,35,787
19,6,Rain,29,873
6,6,Clear,23,218
23,3,Clear,27,386
11,0,Rain,39,427
6,5,Fog,36,341
9,4,Clear,37,766
20,2,Fog,24,539
12,0,Rain,21,381
13,0,Rain,33,455
2,2,Clear,32,222
4,3,Fog,21,325
3,0,Clear,33,266
1,6,Rain,33,449
20,5,Rain,25,542
23,6,Clear,20,76
0,4,Rain,36,615
23,5,Rain,32,223
9,6,Rain,39,1082
22,6,Clear,29,220
0,5,Rain,22,302
5,1,Rain,39,551
13,5,Fog,32,371
10,0,Clear,37,234
18,1,Rain,39,872
10,2,Rain,28,418
16,0,Rain,31,412
18,5,Rain,30,770
8,1,Rain,35,1021
22,4,Rain,39,442
23,0,Fog,27,278
19,1,Fog,23,678
0,3,Clear,33,478
12,5,Fog,39,274
14,6,Fog,31,204
5,5,Fog,31,365
8,5,Clear,26,666
15,1,Clear,33,342
4,3,Clear,23,277
7,2,Clear,22,878
5,3,Clear,30,304
0,1,Clear,32,457
1,4,Fog,33,313
8,4,Rain,39,939
10,0,Clear,33,302
11,4,Fog,25,587
0,2,Fog,25,563
15,3,Clear,37,301
7,0,Clear,29,665
12,2,Fog,37,561
19,2,Rain,33,1025
23,6,Fog,21,314
23,5,Rain,25,332
7,1,Clear,34,778
6,2,Clear,35,470
4,5,Fog,34,422
23,5,Clear,33,298
18,6,Rain,34,802
16,1,Rain,39,628
21,6,Clear,23,295
4,3,Fog,32,440
1,0,Clear,34,296
8,4,Rain,20,786
13,1,Rain,35,444
10,0,Clear,28,258
13,5,Rain,39,431
15,6,Clear,37,346
21,2,Fog,37,556
10,2,Fog,22,546
7,0,Clear,35,825
4,4,Fog,28,457
3,6,Fog,39,150
18,2,Fog,30,1066
5,1,Rain,33,574
16,3,Rain,39,356
3,1,Fog,32,347
18,4,Fog,34,938
13,0,Fog,33,299
7,5,Clear,29,684
19,3,Fog,22,921
14,6,Rain,36,453
22,1,Rain,24,354
9,2,Fog,31,824
21,0,Fog,29,477
11,0,Rain,31,377
8,4,Fog,34,892
19,2,Clear,39,673
9,1,Clear,34,783
14,1,Rain,24,575
0,1,Fog,33,359
10,0,Rain,36,379
6,3,Rain,39,574
0,5,Clear,37,386
17,6,Fog,37,790
3,1,Clear,35,231
6,6,Clear,21,337
16,1,Clear,35,386
6,6,Fog,28,423
11,6,Rain,38,203
15,0,Rain,36,548
7,6,Fog,27,918
23,5,Clear,33,430
22,6,Fog,25,260
20,5,Clear,31,203
5,1,Fog,37,382
22,6,Rain,28,504
17,0,Fog,23,995
3,1,Rain,29,677
2,1,Fog,34,375
1,6,Rain,21,387
23,1,Rain,32,355
9,5,Rain,38,906
2,2,Clear,28,226
14,0,Clear,24,280
5,0,Fog,28,375
8,5,Fog,22,575
6,6,Clear,32,321
18,4,Clear,31,989
22,6,Clear,23,189
15,0,Rain,22,365
19,4,Clear,26,1033
0,6,Rain,31,308
10,0,Rain,29,386
0,6,Rain,27,465
3,0,Rain,27,608
23,0,Clear,36,234
13,5,Fog,26,328
4,5,Rain,25,308
7,2,Fog,37,959
1,1,Fog,33,353
5,5,Fog,38,244
4,0,Clear,26,469
15,1,Clear,39,354
20,1,Rain,21,384
1,2,Fog,26,517
15,3,Rain,32,389
5,0,Fog,38,539
19,2,Fog,25,925
5,3,Clear,37,231
2,4,Fog,24,388
19,4,Clear,35,670
6,0,Rain,31,353
1,3,Fog,36,370
2,2,Fog,28,469
4,1,Fog,31,299
15,4,Clear,23,292
9,5,Fog,29,657
4,4,Clear,20,245
17,0,Fog,35,974
21,3,Fog,36,546
14,5,Clear,28,197
11,1,Clear,24,364
2,0,Clear,39,332
20,6,Clear,31,384
9,3,Rain,31,867
11,5,Rain,37,374
2,0,Clear,35,317
12,3,Rain,30,480
11,0,Rain,25,424
14,6,Fog,37,353
12,4,Clear,25,215
4,6,Fog,21,175
15,5,Rain,26,406
20,6,Clear,24,214
21,4,Clear,29,472
20,3,Clear,32,406
4,3,Fog,37,420
2,2,Clear,34,231
16,1,Rain,34,527
0,2,Rain,25,401
7,0,Rain,21,825
20,6,Rain,33,455
18,2,Rain,24,998
18,1,Rain,28,870
9,6,Rain,26,1043
23,4,Clear,27,255
13,0,Clear,26,470
9,5,Rain,23,953
7,3,Rain,20,820
5,3,Rain,22,593
7,6,Rain,26,910
14,4,Clear,39,425
2,5,Rain,23,349
4,2,Clear,36,229
1,6,Fog,30,443
21,5,Clear,36,157
19,1,Fog,20,946
5,2,Rain,30,630
7,0,Clear,38,935
17,3,Rain,34,1149
17,2,Fog,37,805
15,6,Fog,39,383
7,5,Clear,23,615
12,5,Clear,30,63
22,0,Clear,38,494
3,6,Fog,33,194
5,4,Rain,26,429
13,0,Clear,25,204
18,6,Clear,20,753
12,2,Clear,34,357
4,6,Rain,26,378
8,1,Fog,35,1056
22,3,Clear,29,403
13,5,Fog,22,323
1,1,Fog,31,549
14,0,Clear,30,286
17,0,Clear,27,630
19,2,Fog,20,1021
13,2,Clear,23,221
21,3,Clear,27,465
16,0,Fog,37,493
7,6,Clear,21,799
12,6,Rain,20,346
21,5,Clear,30,87
23,1,Fog,36,364
11,4,Rain,21,635
21,4,Clear,35,288
3,2,Fog,30,597
1,5,Rain,23,362
2,2,Fog,38,388
10,6,Fog,39,330
14,3,Clear,27,478
13,1,Fog,39,309
1,0,Rain,27,392
23,1,Clear,22,294
13,4,Rain,35,418
21,5,Clear,29,214
17,3,Fog,21,794
4,0,Rain,34,335
10,4,Fog,37,442
5,4,Clear,20,230
5,3,Clear,20,367
16,2,Rain,28,471
12,2,Fog,22,451
16,5,Rain,28,355
18,2,Fog,22,625
19,6,Fog,30,990
14,5,Clear,27,381
9,2,Fog,38,625
14,2,Clear,39,263
9,5,Rain,35,865
7,1,Rain,36,932
17,5,Fog,37,593
5,3,Rain,25,627
21,4,Clear,29,343
13,1,Clear,36,358
17,0,Fog,25,865
20,1,Fog,37,413
17,2,Rain,20,672
13,3,Rain,22,371
10,3,Fog,26,307
13,6,Fog,25,318
2,5,Clear,29,124
18,2,Fog,39,956
12,2,Rain,20,615
7,0,Clear,35,838
0,6,Clear,31,222
17,5,Clear,37,681
13,2,Clear,32,430
10,1,Rain,28,436
10,1,Fog,31,310
3,4,Fog,27,398
5,2,Clear,28,248
12,5,Fog,35,286
21,1,Rain,20,611
0,3,Rain,33,484
19,3,Clear,36,620
20,5,Fog,23,171
20,1,Clear,20,464
22,2,Rain,29,631
21,4,Clear,28,226
11,2,Clear,29,454
18,1,Fog,35,766
8,5,Rain,22,764
7,4,Fog,33,859
21,0,Rain,35,600
8,3,Clear,23,752
10,3,Fog,22,272
4,4,Fog,36,587
19,2,Rain,31,747
8,6,Clear,21,648
8,4,Fog,27,971
14,0,Fog,24,374
2,6,Rain,36,457
12,6,Fog,20,414
0,6,Clear,26,224
16,4,Fog,23,507
18,4,Clear,26,656
12,1,Rain,21,669
8,0,Rain,33,817
18,4,Fog,23,912
8,0,Fog,39,739
7,4,Rain,27,1170
3,6,Clear,28,340
3,5,Rain,24,551
20,3,Rain,36,438
1,0,Clear,39,392
8,6,Clear,33,594
0,2,Clear,36,402
11,5,Clear,35,127
17,6,Fog,24,759
8,6,Clear,28,735
23,5,Fog,33,458
10,6,Clear,29,363
21,2,Clear,31,425
18,4,Fog,34,791
3,5,Clear,34,182
13,6,Clear,21,103
10,0,Clear,39,498
23,5,Clear,22,230
0,5,Rain,28,326
18,1,Rain,30,1013
22,6,Fog,22,183
8,6,Fog,36,784
23,6,Clear,28,288
20,5,Fog,24,193
0,0,Clear,36,414
22,2,Rain,29,550
11,6,Fog,20,367
18,3,Clear,22,592
4,1,Clear,34,357
14,3,Fog,20,444
12,4,Clear,37,265
16,2,Clear,34,370
9,0,Clear,26,918
15,5,Fog,24,280
10,1,Clear,35,326
5,0,Rain,28,539
20,4,Fog,39,482
15,2,Clear,30,405
15,6,Clear,35,385
16,1,Fog,21,473
7,1,Rain,33,1016
15,1,Rain,21,380
9,5,Clear,37,512
9,0,Fog,31,704
10,1,Clear,26,330
9,3,Clear,28,750
15,3,Rain,36,434
19,3,Rain,34,835
23,1,Rain,34,444
5,2,Fog,24,395
11,6,Fog,23,327
5,1,Fog,32,523
23,1,Rain,29,334
1,2,Rain,32,390
23,5,Rain,20,286
8,1,Clear,20,809
3,4,Rain,34,431
15,1,Clear,39,425
22,2,Fog,26,387
19,2,Fog,38,860
5,5,Fog,37,427
17,5,Clear,30,653
23,0,Fog,21,534
3,6,Clear,31,143
20,4,Clear,39,263
18,0,Clear,38,733
22,4,Fog,31,556
19,2,Rain,22,930
10,0,Fog,20,407
8,1,Fog,37,1022
18,6,Rain,20,563
23,0,Fog,32,433
0,1,Rain,29,494
6,0,Fog,20,501
6,2,Fog,22,301
1,6,Fog,27,423
0,4,Clear,20,410
11,3,Rain,22,489
13,5,Fog,28,365
7,3,Clear,34,834
16,4,Clear,34,338
12,2,Rain,35,371
4,5,Fog,34,279
4,2,Rain,22,393
2,4,Rain,38,464
19,6,Fog,33,834
4,5,Rain,30,468
0,0,Clear,32,350
13,3,Rain,36,572
9,6,Clear,39,826
15,6,Clear,20,180
13,1,Rain,23,675
12,4,Fog,26,482
22,3,Rain,35,619
5,2,Fog,30,499
7,4,Rain,32,723
10,2,Clear,29,432
4,0,Clear,38,463
18,2,Rain,23,919
9,3,Clear,27,702
6,6,Rain,26,446
11,4,Fog,33,474
11,6,Rain,26,514
3,3,Clear,32,478
4,5,Rain,37,484
12,6,Clear,37,366
12,2,Rain,35,383
12,1,Fog,38,496
5,3,Rain,31,334
23,6,Clear,36,370
21,2,Rain,23,606
20,3,Rain,33,379
17,6,Clear,30,893
11,0,Rain,37,539
15,2,Clear,37,401
10,3,Fog,21,480
4,4,Rain,26,562
4,4,Rain,39,541
18,0,Rain,30,789
3,4,Fog,33,292
2,2,Clear,24,312
21,4,Fog,20,393
20,6,Fog,20,404
5,0,Rain,32,477
20,3,Clear,38,298
16,2,Fog,30,357
20,0,Rain,24,385
16,3,Clear,32,236
1,0,Clear,31,485
7,4,Clear,34,660
11,3,Clear,23,418
21,1,Clear,33,434
16,6,Rain,25,495
20,4,Clear,20,269
23,0,Rain,36,572
17,1,Rain,30,1042
5,6,Rain,31,532
6,5,Clear,33,203
7,4,Fog,24,996
15,4,Fog,33,441
18,1,Clear,36,745
12,0,Clear,25,351
21,2,Clear,26,256
4,3,Fog,26,481
22,5,Rain,38,273
6,1,Clear,24,246
14,6,Clear,22,108
21,3,Fog,38,335
14,1,Fog,32,530
10,0,Clear,33,351
7,3,Rain,39,917
11,1,Clear,36,279
0,2,Clear,34,298
3,5,Rain,27,503
16,0,Clear,22,429
12,6,Rain,31,496
8,0,Rain,20,951
6,3,Fog,31,309
18,4,Rain,30,1234
10,1,Clear,34,271
5,2,Rain,21,568
9,5,Clear,32,649
6,4,Rain,38,680
3,3,Clear,34,372
5,6,Fog,33,330
0,1,Clear,33,378
8,5,Fog,26,969
17,1,Clear,30,913
15,4,Fog,31,498
21,4,Rain,22,554
9,2,Rain,33,1110
15,0,Fog,32,463
14,3,Rain,20,545
7,3,Rain,21,1024
5,5,Fog,31,305
12,6,Rain,38,408
0,1,Rain,32,441
6,2,Fog,25,494
7,1,Fog,33,883
7,1,Fog,22,755
22,3,Clear,29,228
3,0,Fog,26,366
3,0,Rain,32,368
12,0,Clear,20,480
16,5,Rain,37,499
10,3,Rain,32,510
4,3,Fog,27,450
18,5,Fog,39,860
2,0,Fog,23,446
7,2,Fog,33,937
0,1,Clear,27,224
11,2,Fog,32,439
15,6,Fog,39,297
7,4,Rain,21,659
5,6,Rain,30,317
21,1,Fog,29,441
11,6,Clear,27,187
0,3,Fog,37,471
5,5,Fog,32,431
22,4,Clear,23,415
2,4,Fog,36,507
11,2,Clear,21,427
19,3,Clear,28,653
23,1,Rain,21,374
22,1,Fog,39,491
17,0,Fog,39,904
21,5,Rain,29,385
12,4,Clear,36,202
20,2,Rain,26,403
3,2,Fog,36,381
21,6,Rain,33,253
21,5,Clear,37,246
5,0,Clear,26,416
1,5,Rain,24,290
1,6,Clear,21,208
19,4,Rain,28,1084
12,0,Rain,37,310
5,0,Fog,37,558
3,1,Fog,33,328
20,5,Clear,27,324
5,4,Fog,22,405
21,3,Fog,36,375
19,6,Clear,39,951
13,5,Clear,36,128
1,6,Fog,26,264
5,1,Clear,21,431
13,6,Clear,38,163
19,3,Fog,39,1044
21,1,Fog,29,300
12,2,Fog,25,548
20,6,Clear,37,212
3,3,Rain,37,446
22,6,Fog,27,333
18,0,Rain,31,654
10,6,Rain,34,383
11,3,Fog,34,462
1,4,Rain,20,505
2,4,Clear,36,359
19,4,Clear,27,978
6,0,Fog,29,422
17,4,Clear,27,861
2,3,Clear,38,369
23,4,Clear,34,470
20,6,Clear,33,342
22,4,Clear,20,202
5,6,Clear,38,342
20,5,Fog,30,473
20,5,Fog,28,378
23,3,Fog,38,428
4,1,Clear,26,385
12,6,Clear,30,302
8,5,Fog,23,647
7,5,Rain,24,680
5,1,Fog,30,293
1,1,Rain,36,515
17,5,Rain,26,977
15,3,Fog,35,571
23,6,Fog,22,433
16,6,Clear,27,242
12,5,Fog,28,299
1,2,Rain,26,675
22,6,Rain,34,484
14,5,Rain,32,327
10,2,Rain,26,568
8,1,Clear,22,1082
8,4,Rain,30,932
11,4,Clear,36,392
23,2,Rain,28,483
8,6,Fog,22,844
13,3,Rain,36,574
12,3,Rain,29,303
2,3,Fog,24,527
15,1,Fog,20,448
1,6,Clear,33,248
1,6,Rain,37,427
17,5,Rain,31,1104
21,3,Clear,37,457
7,6,Rain,35,963
16,2,Fog,20,513
13,0,Clear,37,383
20,3,Rain,30,399
9,4,Clear,36,787
1,3,Fog,30,443
9,1,Fog,23,877
18,3,Rain,20,1046
12,2,Fog,29,419
12,0,Fog,27,508
17,6,Fog,33,710
12,3,Clear,33,223
22,2,Fog,23,573
13,6,Rain,20,432
10,6,Rain,25,271
1,4,Fog,24,372
2,4,Fog,31,453
8,6,Clear,25,925
16,2,Clear,35,262
23,3,Rain,24,389
1,5,Clear,29,396
12,5,Clear,36,327
0,4,Fog,24,432
10,5,Clear,23,184
0,3,Fog,30,313
19,6,Fog,21,1013
22,2,Rain,28,437
9,2,Fog,37,827
7,0,Fog,37,785
15,2,Fog,21,418
4,6,Rain,30,448
0,5,Rain,28,358
3,6,Fog,32,220
19,2,Rain,25,872
13,0,Rain,21,515
19,2,Fog,36,893
10,0,Clear,35,441
23,2,Rain,35,594
10,0,Rain,35,447
22,1,Fog,26,346
11,1,Clear,36,406
2,2,Rain,23,471
5,1,Fog,37,307
6,4,Fog,36,375
2,2,Fog,33,339
6,3,Fog,29,521
16,5,Clear,27,311
1,2,Fog,36,406
13,5,Clear,24,307
8,2,Fog,33,718
19,3,Fog,27,916
0,4,Rain,35,516
15,3,Clear,34,329
5,5,Rain,36,313
12,0,Clear,26,232
23,6,Fog,24,267
20,5,Fog,35,183
22,4,Clear,26,381
23,5,Clear,35,166
15,6,Clear,38,161
6,1,Fog,25,402
5,5,Fog,23,438
3,0,Fog,27,301
15,1,Fog,20,371
23,2,Clear,26,337
8,3,Fog,20,746
6,1,Clear,36,321
1,2,Fog,20,266
22,5,Rain,39,409
16,2,Fog,26,493
3,0,Clear,34,433
9,2,Rain,35,733
4,4,Rain,35,432
2,6,Rain,22,313
6,3,Rain,24,396
14,1,Fog,33,390
21,2,Fog,22,528
14,4,Rain,34,455
9,0,Fog,25,883
0,4,Clear,34,355
18,2,Fog,20,889
12,3,Fog,22,304
22,1,Rain,37,445
23,0,Rain,39,627
1,0,Fog,36,554
9,1,Fog,29,817
13,1,Clear,29,412
17,6,Fog,23,787
8,6,Rain,28,821
17,3,Clear,39,688
10,2,Fog,33,517
9,5,Fog,20,870
15,5,Clear,38,191
19,2,Fog,29,809
11,3,Clear,27,417
20,4,Clear,39,285
3,0,Fog,38,483
0,3,Fog,29,392
11,5,Clear,39,258
5,2,Rain,39,466
20,6,Fog,23,365
3,5,Fog,24,238
1,4,Rain,21,644
15,3,Fog,23,414
0,6,Fog,24,372
2,4,Clear,29,356
2,5,Clear,33,349
10,0,Rain,25,614
6,4,Fog,24,485
2,1,Rain,37,366
9,0,Rain,36,1081
13,4,Fog,27,347
22,1,Fog,27,345
0,2,Fog,21,504
2,2,Rain,29,455
12,0,Fog,37,443
23,6,Rain,31,289
12,0,Rain,32,550
19,1,Clear,29,875
0,0,Rain,20,507
23,4,Fog,36,534
15,4,Clear,33,495
10,4,Fog,38,310
10,3,Rain,20,415
15,0,Fog,31,316
2,2,Fog,21,444
22,2,Fog,30,450
22,2,Fog,34,448
14,4,Rain,38,457
10,5,Fog,27,252
20,4,Clear,23,487
8,0,Clear,21,854
5,1,Fog,29,514
18,4,Fog,34,817
1,4,Clear,21,373
6,3,Fog,24,502
9,3,Clear,34,759
15,4,Clear,28,226
23,3,Rain,31,484
0,2,Clear,33,405
2,2,Fog,26,419
14,3,Clear,31,251
23,2,Fog,31,541
20,3,Rain,27,539
23,3,Fog,36,446
13,4,Clear,23,323
12,5,Rain,23,437
11,4,Clear,20,216
0,1,Fog,27,472
17,3,Rain,29,1073
15,1,Clear,32,290
9,3,Clear,37,1028
4,5,Fog,26,283
19,1,Fog,24,806
20,2,Rain,20,360
15,0,Rain,23,489
5,5,Rain,31,339
10,3,Clear,20,491
18,5,Rain,20,622
16,3,Fog,28,474
4,5,Clear,33,361
6,0,Fog,24,509
5,1,Fog,24,410
5,6,Rain,36,594
20,4,Fog,24,530
13,0,Fog,38,551
1,0,Clear,21,458
2,5,Fog,22,248
13,0,Clear,26,296
17,2,Clear,30,842
5,1,Rain,35,470
9,2,Clear,30,723
13,3,Rain,32,577
17,0,Fog,32,688
17,3,Rain,35,792
22,2,Rain,26,557
11,6,Rain,34,371
11,3,Fog,29,380
16,3,Rain,32,352
7,5,Fog,20,929
22,3,Rain,30,542
21,0,Fog,24,401
6,0,Fog,39,438
16,3,Rain,39,550
10,4,Clear,29,484
21,3,Clear,35,467
9,0,Fog,24,714
21,5,Rain,27,353
11,6,Rain,21,398
1,2,Fog,23,317
14,2,Rain,28,531
16,5,Fog,26,246
10,0,Clear,23,281
4,1,Clear,31,283
4,0,Rain,29,502
6,5,Rain,23,462
10,6,Rain,26,523
11,5,Rain,38,302
5,5,Rain,24,333
9,5,Rain,25,1032
9,2,Rain,23,968
16,2,Rain,32,433
7,4,Rain,23,831
12,6,Clear,20,164
15,1,Fog,37,573
17,2,Clear,29,872
19,1,Fog,22,1081
18,4,Rain,24,1048
17,0,Fog,20,1016
21,5,Fog,27,203
2,0,Rain,30,464
8,3,Rain,29,1075
6,4,Clear,27,258
20,4,Rain,32,600
12,5,Clear,24,222
17,1,Clear,20,737
23,5,Fog,27,352
0,1,Rain,34,639
6,4,Clear,21,318
19,5,Fog,31,693
4,2,Clear,28,288
19,2,Rain,36,824
19,3,Rain,38,882
5,6,Fog,31,273
16,6,Clear,27,267
8,4,Rain,32,901
10,0,Fog,21,279
6,1,Fog,27,475
15,6,Rain,24,330
23,4,Fog,24,507
16,1,Clear,30,384
9,1,Rain,34,1010
7,6,Clear,34,590
0,1,Clear,29,478
0,4,Rain,37,612
12,1,Clear,29,443
23,4,Fog,22,291
12,6,Clear,24,375
23,5,Clear,26,189
5,6,Rain,30,507
7,2,Clear,24,704
13,3,Rain,29,387
1,0,Rain,20,397
4,6,Rain,22,349
16,1,Clear,28,351
18,2,Clear,38,772
14,4,Fog,22,459
9,3,Clear,24,925
8,5,Rain,34,827
11,1,Clear,36,476
21,0,Rain,27,621
19,0,Clear,26,752
19,3,Fog,29,952
22,0,Rain,26,537
23,0,Fog,39,435
16,5,Clear,26,151
9,4,Fog,28,856
11,6,Fog,20,349
1,1,Clear,37,421
19,1,Fog,20,837
13,4,Fog,29,544
18,5,Clear,25,735
7,0,Rain,27,1097
14,4,Clear,28,347
18,5,Rain,24,824
21,2,Clear,29,474
5,3,Fog,31,411
19,6,Fog,35,930
18,4,Fog,30,775
0,3,Clear,23,248
18,5,Clear,27,933
3,4,Fog,27,315
5,1,Rain,23,614
17,1,Fog,34,969
17,4,Fog,21,775
22,1,Clear,31,247
14,1,Fog,20,527
14,4,Rain,20,313
18,5,Clear,39,591
18,5,Fog,24,534
20,4,Rain,38,613
2,2,Rain,30,539
15,6,Fog,38,161
4,1,Fog,24,311
7,0,Clear,31,746
13,1,Rain,26,482
7,1,Rain,39,842
23,3,Rain,21,356
23,3,Rain,23,309
10,6,Clear,33,223
22,6,Rain,32,421
2,4,Clear,21,364
11,5,Rain,27,512
0,5,Clear,39,303
20,2,Fog,30,398
14,6,Clear,33,265
22,3,Fog,37,408
3,5,Clear,25,77
10,2,Rain,34,518
0,5,Fog,23,412
5,5,Rain,29,293
15,1,Rain,36,571
21,2,Clear,35,378
5,5,Fog,23,203
10,5,Clear,27,328
11,6,Fog,33,257
0,4,Rain,29,494
3,3,Fog,32,481
13,5,Rain,20,428
15,0,Rain,24,616
10,0,Rain,36,507
18,1,Rain,29,1098
16,2,Clear,26,447
7,5,Fog,39,641
23,2,Rain,28,452
20,6,Fog,36,460
2,2,Rain,32,479
3,5,Clear,22,236
6,1,Rain,27,398
22,0,Clear,24,491
16,4,Fog,38,500
21,3,Rain,33,492
10,5,Clear,30,223
0,5,Clear,38,153
16,5,Fog,33,379
2,2,Clear,34,425
4,3,Rain,22,343
6,3,Clear,35,379
2,1,Clear,31,370
21,4,Rain,31,352
6,5,Rain,26,403
10,1,Rain,21,563
6,3,Fog,26,269
21,3,Rain,30,480
0,5,Rain,33,344
10,3,Rain,23,548
19,3,Rain,35,1023
3,6,Clear,29,135
6,6,Rain,20,216
6,2,Rain,26,548
17,4,Clear,38,958
22,6,Fog,28,339
3,5,Rain,21,313
19,6,Fog,27,514
16,3,Clear,36,255
11,4,Fog,23,400
10,0,Rain,38,515
7,0,Rain,31,875
9,6,Fog,24,595
19,3,Rain,29,678
4,2,Clear,30,399
19,3,Rain,23,1160
15,1,Rain,32,646
4,3,Fog,25,383
14,6,Rain,23,338
9,4,Fog,24,961
10,2,Fog,24,327
14,0,Rain,34,542
8,4,Rain,27,905
21,0,Clear,32,345
19,3,Clear,24,1066
3,5,Clear,38,269
4,0,Fog,32,554
13,2,Fog,35,354
23,0,Clear,23,440
21,1,Rain,28,428
8,4,Rain,21,716
7,0,Fog,30,891
11,0,Fog,26,286
10,2,Fog,33,409
16,1,Fog,24,316
17,5,Clear,38,825
15,6,Rain,34,566
22,5,Fog,29,346
11,5,Clear,25,144
23,4,Clear,32,246
12,4,Clear,32,317
12,4,Rain,28,331
0,2,Rain,28,525
6,4,Clear,34,345
19,5,Clear,39,869
3,5,Clear,23,269
9,6,Rain,20,715
16,1,Rain,33,377
22,5,Fog,35,248
9,2,Rain,35,1012
6,5,Clear,32,126
4,0,Fog,35,473
17,0,Clear,39,810
23,5,Clear,29,163
2,1,Clear,28,430
3,5,Fog,36,191
23,0,Clear,28,248
14,2,Clear,32,419
20,4,Fog,27,434
15,2,Fog,29,312
9,0,Clear,35,823
14,3,Rain,23,431
0,5,Rain,27,379
8,4,Fog,37,1056
23,6,Rain,25,473
19,1,Fog,25,1121
23,6,Rain,37,289
4,5,Fog,33,480
10,6,Fog,22,238
22,4,Clear,23,316
14,1,Fog,28,363
12,6,Rain,22,367
9,1,Fog,25,878
10,3,Rain,33,385
3,4,Fog,22,351
23,5,Rain,39,414
6,1,Fog,32,410
22,5,Rain,23,288
6,6,Rain,22,294
0,0,Fog,22,508
6,3,Fog,31,532
13,3,Fog,23,497
3,6,Clear,37,338
21,3,Rain,37,398
16,2,Clear,28,292
21,2,Clear,30,299
13,2,Fog,39,452
22,0,Rain,36,569
5,1,Clear,29,496
15,6,Fog,28,300
6,3,Rain,28,329
17,6,Fog,33,962
2,6,Fog,25,445
19,4,Fog,39,779
5,6,Rain,29,496
8,4,Clear,26,842
17,2,Rain,35,943
8,5,Rain,25,810
13,3,Fog,28,311
4,1,Fog,36,545
23,5,Rain,24,349
2,5,Fog,24,105
5,4,Fog,34,392
1,4,Clear,31,379
14,3,Rain,23,407
17,6,Clear,34,459
15,3,Rain,33,626
13,2,Fog,34,411
21,0,Fog,27,376
23,0,Fog,20,313
8,4,Clear,31,1023
22,0,Rain,30,313
14,0,Clear,29,389
1,0,Fog,20,312
23,0,Fog,32,366
13,0,Clear,36,493
16,5,Fog,30,453
13,2,Fog,23,368
0,0,Rain,28,666
8,5,Fog,31,801
5,3,Rain,23,684
9,5,Fog,35,747
17,0,Clear,22,920
14,2,Fog,27,473
13,5,Clear,32,212
8,0,Fog,39,1099
4,0,Rain,39,408
5,1,Rain,37,569
0,0,Clear,39,355
0,1,Fog,29,466
10,2,Fog,21,301
21,1,Clear,23,317
2,1,Fog,29,538
1,3,Fog,35,339
3,0,Clear,39,285
18,2,Fog,28,897
7,2,Rain,23,990
8,4,Fog,26,937
9,1,Rain,39,977
10,5,Rain,36,352
22,2,Clear,22,238
4,2,Clear,29,448
1,3,Clear,20,231
3,2,Fog,22,535
20,4,Clear,31,385
11,5,Rain,25,481
14,4,Rain,30,634
21,6,Rain,24,429
2,5,Fog,38,293
8,4,Rain,21,1231
6,3,Rain,25,575
22,2,Rain,32,393
5,3,Clear,31,247
22,0,Rain,33,698
14,6,Rain,25,482
9,3,Clear,24,930
21,0,Rain,20,602
20,2,Fog,30,523
19,6,Clear,25,593
20,3,Rain,28,364
10,3,Fog,25,273
4,4,Rain,24,540
22,0,Clear,30,431
17,4,Clear,35,620
3,0,Fog,34,394
20,6,Clear,37,370
15,3,Rain,27,607
14,1,Clear,21,228
20,5,Fog,20,393
2,1,Fog,36,550
8,2,Rain,20,1130
11,5,Fog,35,360
7,6,Clear,34,878
8,6,Clear,37,518
21,6,Fog,39,466
19,2,Clear,24,880
14,3,Clear,36,426
9,4,Clear,31,782
3,0,Fog,36,582
2,4,Rain,24,602
16,3,Clear,33,482
5,1,Rain,25,387
11,4,Fog,31,471
10,0,Rain,26,559
7,1,Clear,20,934
23,2,Fog,25,447
1,4,Fog,30,348
14,1,Clear,33,308
10,6,Rain,33,446
2,4,Rain,25,551
16,5,Rain,36,308
9,1,Rain,21,721
3,4,Fog,32,305
20,6,Fog,24,341
23,1,Clear,22,411
20,0,Fog,26,300
5,1,Clear,24,263
2,2,Fog,38,454
15,1,Fog,26,370
20,6,Fog,29,381
2,6,Clear,37,417
17,0,Rain,21,1042
19,3,Clear,21,630
19,1,Rain,29,1019
23,6,Clear,24,134
21,1,Fog,37,320
18,4,Rain,31,1218
6,1,Fog,39,585
12,0,Fog,36,540
6,0,Fog,24,339
19,0,Fog,24,800
10,6,Clear,31,297
19,1,Rain,32,984
19,6,Rain,38,798
22,3,Clear,33,469
12,2,Rain,32,531
11,0,Rain,33,432
21,5,Rain,37,604
19,5,Clear,28,705
13,0,Fog,28,413
18,3,Rain,29,750
3,0,Rain,32,458
15,0,Rain,26,615
16,0,Fog,29,398
16,0,Fog,21,503
23,6,Fog,35,316
2,3,Clear,36,470
20,6,Rain,39,420
18,5,Fog,37,573
6,1,Rain,31,476
1,0,Clear,28,304
8,5,Clear,26,649
2,2,Rain,30,492
15,6,Fog,26,261
20,3,Fog,26,531
10,2,Clear,28,208
6,5,Fog,34,405
12,6,Rain,35,364
13,2,Rain,27,476
15,1,Fog,27,350
0,5,Rain,38,288
2,0,Rain,22,491
11,4,Rain,31,360
20,1,Rain,20,481
19,4,Rain,34,977
19,2,Clear,37,784
15,6,Rain,30,419
16,2,Clear,27,280
17,0,Clear,30,750
23,6,Fog,21,326
0,2,Clear,30,494
15,0,Clear,36,440
18,2,Rain,39,854
5,1,Clear,37,484
2,6,Rain,37,275
0,4,Rain,37,600
19,5,Rain,33,949
19,4,Rain,39,1125
3,3,Rain,22,461
20,6,Clear,28,323
9,6,Clear,37,493
15,2,Rain,24,555
18,4,Fog,30,970
21,4,Rain,37,515
16,1,Clear,24,225
21,6,Clear,30,429
5,5,Clear,22,305
18,5,Rain,23,983
7,3,Clear,28,749
21,2,Clear,39,382
14,3,Fog,27,521
3,3,Fog,20,453
3,4,Clear,30,463
9,0,Rain,24,1080
3,2,Rain,39,534
16,1,Clear,39,248
12,0,Rain,37,586
8,2,Clear,26,669
5,1,Clear,37,228
7,4,Rain,24,854
9,1,Rain,33,1069
10,2,Clear,36,315
7,0,Rain,37,810
14,5,Clear,35,235
12,6,Fog,34,217
9,3,Fog,32,1033
17,3,Rain,38,1183
13,1,Clear,26,420
21,6,Rain,20,392
15,6,Fog,29,410
9,6,Clear,31,856
15,1,Fog,20,276
21,3,Clear,20,344
4,2,Clear,20,214
17,2,Rain,29,1149
1,0,Fog,21,469
18,1,Fog,29,1127
19,6,Fog,27,840
7,6,Clear,26,842
21,2,Clear,27,464
8,4,Fog,35,1129
14,4,Fog,39,472
4,1,Clear,34,212
16,3,Clear,38,417
18,3,Clear,32,704
9,2,Fog,28,809
6,1,Rain,23,407
5,5,Clear,38,273
18,1,Rain,34,1110
20,5,Clear,24,98
19,3,Fog,31,809
7,2,Rain,32,747
1,2,Clear,28,363
12,3,Rain,30,581
22,6,Clear,39,408
17,4,Rain,31,980
5,4,Clear,22,434
18,4,Rain,26,1058
0,1,Clear,27,299
2,4,Rain,39,444
3,2,Fog,27,378
0,6,Fog,22,428
1,1,Clear,37,360
21,4,Clear,25,216
20,3,Rain,35,472
14,4,Rain,24,538
6,0,Rain,28,447
23,6,Fog,27,455
19,0,Rain,21,719
13,0,Fog,26,577
21,5,Rain,30,344
12,1,Fog,35,486
0,3,Clear,37,353
20,6,Rain,37,364
3,1,Fog,33,436
0,0,Fog,21,319
10,5,Fog,29,282
18,4,Clear,25,664
11,5,Fog,32,379
17,4,Clear,35,953
1,4,Clear,25,225
17,6,Rain,37,957
7,4,Rain,39,1119
23,2,Clear,34,460
5,3,Rain,29,586
12,2,Fog,23,333
0,2,Rain,21,568
8,4,Fog,31,1052
9,2,Fog,20,861
20,3,Rain,36,671
15,4,Rain,30,547
17,3,Rain,26,982
17,5,Rain,34,777
20,4,Rain,39,400
7,4,Fog,39,1009
13,4,Clear,32,359
4,5,Clear,28,273
4,5,Rain,32,537
22,6,Fog,37,366
6,3,Rain,33,558
9,2,Rain,29,858
10,3,Fog,39,445
9,3,Fog,35,1044
22,4,Fog,24,528
19,3,Fog,26,864
21,1,Rain,24,662
4,6,Clear,30,409
20,2,Fog,28,436
7,3,Fog,31,715
7,3,Rain,21,801
16,1,Rain,30,440
0,2,Fog,27,428
9,5,Rain,31,874
6,5,Rain,23,460
9,4,Clear,33,822
11,1,Rain,39,569
23,0,Clear,37,215
4,3,Clear,27,431
13,0,Clear,26,387
16,1,Fog,20,349
11,1,Rain,29,537
4,2,Rain,22,509
6,3,Rain,28,426
6,3,Rain,21,337
8,1,Clear,22,706
10,5,Clear,20,356
13,1,Clear,34,232
0,1,Clear,33,373
9,2,Clear,29,847
20,0,Fog,29,398
4,0,Clear,37,317
18,4,Rain,32,958
22,0,Rain,35,381
1,3,Rain,32,688
4,4,Clear,32,485
12,4,Fog,39,569
22,6,Fog,38,287
2,3,Rain,23,433
17,5,Rain,36,1112
16,2,Fog,30,540
6,2,Fog,27,317
1,0,Rain,21,442
15,0,Clear,35,342
5,4,Rain,20,599
10,2,Clear,25,350
22,0,Fog,36,554
3,1,Clear,26,399
0,2,Fog,27,490
23,6,Rain,25,358
17,4,Rain,25,1164
2,3,Rain,37,517
0,0,Fog,25,557
10,3,Clear,36,259
13,6,Rain,38,482
16,1,Fog,22,500
5,2,Clear,22,294
16,0,Fog,28,465
15,4,Clear,32,464
22,2,Fog,27,527
0,2,Clear,21,303
4,5,Clear,35,236
8,6,Rain,35,702
11,0,Clear,25,447
21,5,Rain,35,546
2,0,Clear,22,218
21,2,Rain,20,540
16,5,Clear,22,417
0,5,Fog,25,262
21,3,Rain,31,388
21,4,Fog,27,496
18,1,Fog,24,1126
9,6,Clear,29,705
19,5,Rain,33,1043
3,6,Rain,34,317
0,5,Rain,29,438
4,6,Fog,21,416
5,2,Rain,27,566
6,1,Clear,27,236
15,3,Fog,24,263
16,1,Rain,33,605
16,3,Clear,24,208
7,3,Clear,29,878
15,2,Rain,22,412
3,2,Fog,34,447
1,4,Fog,30,289
14,3,Rain,36,669
22,1,Fog,23,523
8,6,Rain,29,1063
3,0,Fog,29,326
2,0,Clear,21,497
4,2,Clear,20,420
15,3,Clear,33,291
21,4,Fog,33,252
1,5,Rain,33,439
15,0,Clear,32,458
12,0,Clear,28,305
10,3,Fog,20,529
19,1,Fog,28,1174
2,2,Rain,29,612
23,5,Fog,26,289
9,2,Rain,21,973
19,1,Rain,34,976
15,4,Fog,28,294
4,1,Fog,27,551
4,0,Rain,30,512
10,5,Rain,39,344
22,1,Rain,31,457
10,5,Fog,31,378
5,6,Rain,25,484
19,0,Clear,32,778
23,6,Clear,38,229
7,0,Clear,22,860
12,0,Fog,37,405
21,3,Fog,34,321
2,2,Rain,36,465
12,6,Rain,24,395
14,4,Fog,34,542
13,6,Fog,22,443
6,2,Rain,32,392
13,0,Clear,21,212
7,2,Fog,33,882
22,4,Clear,37,432
3,3,Fog,29,504
23,4,Rain,39,553
16,5,Clear,32,275
19,4,Clear,37,923
15,0,Clear,24,494
12,4,Fog,30,332
21,5,Rain,26,282
20,0,Fog,32,584
22,3,Fog,34,335
7,6,Rain,29,1090
2,2,Rain,22,472
15,4,Clear,29,334
14,4,Fog,33,443
3,4,Rain,27,444
15,3,Clear,34,260
13,3,Fog,28,367
20,6,Clear,22,313
15,4,Fog,35,560
23,2,Clear,24,322
12,5,Fog,30,305
22,6,Rain,31,456
15,2,Clear,39,393
18,2,Fog,39,922
1,1,Rain,36,664
4,4,Rain,24,551
4,0,Rain,21,406
18,3,Fog,33,727
12,0,Clear,22,420
22,4,Fog,35,551
19,4,Rain,24,993
1,1,Rain,35,591
4,5,Fog,31,224
2,0,Fog,35,300
19,5,Fog,39,759
6,3,Clear,39,400
6,6,Rain,25,271
7,2,Clear,31,874
5,1,Rain,28,463
2,5,Fog,28,469
18,4,Rain,26,836
22,6,Fog,23,191
23,0,Fog,32,544
12,2,Fog,27,545
14,1,Rain,28,558
14,2,Rain,29,540
18,5,Fog,21,907
12,6,Clear,37,310
7,4,Rain,22,872
4,2,Fog,22,507
12,6,Rain,24,331
13,6,Fog,29,361
17,2,Clear,27,902
3,2,Fog,37,286
10,0,Rain,35,626
19,5,Fog,30,830
8,1,Fog,27,812
8,2,Clear,20,928
8,4,Rain,24,826
0,5,Fog,26,232
9,2,Fog,37,986
16,5,Clear,26,126
17,1,Fog,26,807
19,5,Fog,27,789
1,2,Fog,28,340
12,6,Rain,22,397
21,2,Fog,31,448
9,1,Fog,31,956
22,5,Fog,22,416
4,0,Rain,37,342
1,6,Fog,29,236
4,3,Clear,26,451
18,4,Fog,33,728
5,3,Rain,23,407
12,2,Fog,26,530
6,0,Clear,36,276
7,6,Fog,32,934
7,4,Rain,38,940
17,5,Rain,24,879
12,0,Clear,22,226
21,0,Rain,24,475
0,2,Fog,28,425
0,0,Fog,32,304
20,3,Fog,39,502
10,3,Clear,24,457
10,4,Clear,20,319
6,2,Fog,22,315
2,5,Fog,28,318
19,3,Fog,23,981
14,1,Clear,30,497
19,1,Fog,30,848
5,4,Clear,33,388
1,6,Rain,27,232
17,3,Fog,23,1119
1,1,Fog,22,516
4,2,Rain,37,470
5,3,Fog,25,297
23,3,Clear,26,384
0,1,Fog,21,533
14,5,Fog,21,179
4,6,Rain,35,427
23,1,Clear,24,470
20,3,Rain,34,426
21,0,Fog,26,501
8,6,Fog,24,753
19,0,Fog,27,1051
14,1,Fog,31,447
17,6,Fog,22,664
20,2,Rain,28,402
18,0,Fog,31,937
14,0,Rain,20,563
10,0,Clear,29,471
6,1,Clear,24,414
5,5,Rain,21,478
12,0,Fog,26,401
9,2,Fog,36,958
7,2,Clear,37,862
3,5,Fog,26,300
12,5,Rain,39,242
13,1,Clear,35,203
21,5,Clear,35,362
16,1,Fog,37,360
19,2,Clear,25,632
3,2,Fog,29,543
13,2,Clear,29,313
11,1,Clear,20,297
18,5,Fog,31,694
15,3,Fog,26,502
11,4,Fog,26,486
0,1,Fog,22,347
12,1,Fog,26,402
16,5,Rain,36,435
15,0,Clear,31,259
22,0,Clear,33,253
21,4,Clear,35,422
0,6,Clear,31,215
8,3,Fog,20,892
17,1,Fog,31,874
3,0,Clear,36,333
19,1,Rain,30,941
19,6,Fog,35,681
17,4,Clear,24,792
14,2,Fog,38,510
8,3,Rain,26,1010
6,1,Rain,32,382
18,6,Clear,20,733
10,6,Clear,31,394
20,1,Fog,39,561
22,4,Fog,25,486
14,4,Fog,30,329
21,0,Clear,39,497
4,0,Clear,33,207
0,6,Rain,34,337
17,1,Clear,27,660
23,3,Fog,31,569
9,4,Fog,39,858
0,6,Clear,24,304
18,6,Clear,21,630
2,6,Fog,28,215
19,2,Rain,36,946
8,4,Clear,35,944
6,2,Rain,26,601
9,4,Rain,21,1030
5,4,Rain,26,573
13,4,Rain,24,435
2,6,Fog,34,264
21,2,Fog,34,448
21,5,Rain,30,512
19,5,Clear,23,788
2,5,Fog,20,255
6,0,Fog,21,397
9,6,Rain,38,1083
11,4,Fog,29,294
10,1,Rain,25,517
20,2,Clear,31,486
15,5,Clear,23,328
12,4,Fog,23,379
0,0,Fog,23,540
8,5,Rain,32,826
17,1,Fog,31,818
13,0,Fog,38,538
7,1,Clear,39,872
5,4,Rain,27,537
22,6,Clear,37,225
19,5,Fog,20,958
11,5,Rain,27,252
22,4,Rain,23,477
17,2,Fog,37,1004
3,4,Clear,21,490
14,6,Clear,33,98
2,2,Rain,31,468
15,0,Rain,27,642
0,0,Fog,32,558
16,6,Fog,21,430
14,0,Clear,23,423
14,4,Clear,39,417
18,5,Rain,29,1026
1,6,Clear,34,341
23,0,Clear,22,423
2,4,Rain,37,500
17,2,Fog,37,870
11,5,Rain,36,515
9,0,Fog,32,780
10,6,Rain,26,426
20,6,Rain,28,374
8,3,Clear,26,998
5,6,Rain,34,384
13,3,Rain,23,388
19,0,Clear,28,1078
13,3,Clear,30,378
6,2,Rain,31,478
12,6,Clear,31,282
7,0,Fog,38,872
18,0,Clear,20,787
14,2,Rain,37,510
14,5,Rain,36,296
23,4,Rain,33,519
15,6,Rain,27,398
20,5,Fog,31,161
16,4,Rain,23,351
9,0,Rain,38,861
6,6,Fog,34,291
14,2,Fog,35,512
11,3,Clear,27,397
3,6,Clear,35,202
14,2,Rain,21,602
7,5,Fog,36,643
11,0,Rain,35,417
10,6,Rain,27,472
11,1,Clear,36,446
21,0,Rain,29,407
9,6,Clear,25,673
2,3,Fog,26,547
5,4,Clear,22,477
7,6,Fog,37,786
16,5,Clear,25,293
17,4,Rain,21,942
5,3,Clear,34,243
21,0,Clear,29,392
15,3,Fog,29,418
1,5,Fog,26,240
18,2,Clear,32,839
14,1,Fog,28,259
4,5,Rain,25,525
9,4,Rain,22,754
2,6,Rain,39,490
17,1,Clear,37,793
14,0,Clear,21,492
7,4,Clear,23,753
8,6,Fog,23,734
11,5,Rain,27,457
18,2,Fog,35,975
0,5,Clear,29,333
5,4,Fog,37,355
14,2,Clear,30,214
17,0,Rain,33,858
13,1,Rain,34,386
2,5,Clear,34,175
12,2,Fog,38,467
16,5,Clear,22,139
16,3,Rain,37,610
12,3,Rain,23,495
3,0,Clear,30,343
19,2,Rain,38,964
2,1,Rain,34,498
21,3,Fog,28,552
8,3,Clear,37,732
10,1,Rain,31,629
8,1,Rain,27,889
0,4,Fog,31,345
1,5,Fog,21,322
13,6,Rain,30,560
12,6,Fog,36,246
11,3,Rain,20,380
14,1,Clear,22,482
20,5,Clear,39,201
10,3,Rain,21,395
3,6,Rain,39,516
3,1,Clear,36,378
11,5,Fog,21,196
1,6,Clear,38,257
4,0,Rain,38,539
20,5,Fog,33,201
20,1,Rain,25,608
9,3,Clear,21,885
23,5,Rain,31,321
2,5,Rain,33,258
2,0,Rain,23,464
3,3,Rain,28,474
3,4,Rain,25,481
14,0,Fog,33,375
8,2,Fog,21,884
19,6,Fog,21,1015
16,0,Fog,39,364
3,1,Fog,27,457
8,4,Clear,29,794
2,5,Clear,25,97
21,5,Rain,21,341
8,6,Fog,38,648
8,3,Rain,34,952
3,3,Clear,31,391
9,5,Fog,28,604
8,6,Clear,37,685
18,6,Fog,35,812
4,1,Rain,39,391
3,0,Fog,34,384
10,4,Clear,37,406
2,4,Rain,28,553
7,4,Rain,21,989
16,0,Clear,25,294
7,6,Fog,27,754
16,2,Rain,31,414
1,5,Rain,20,576
2,5,Rain,34,356
7,5,Rain,21,749
22,1,Fog,36,476
11,3,Clear,35,221
8,2,Clear,28,530
1,2,Rain,33,465
6,4,Fog,21,270
23,6,Clear,23,163
21,1,Clear,38,487
19,3,Clear,29,1034
5,0,Rain,38,624
5,0,Fog,28,534
21,2,Fog,35,422
12,1,Rain,24,638
3,4,Clear,32,458
19,0,Rain,37,935
4,4,Clear,38,290
19,0,Rain,20,996
22,5,Clear,31,270
14,0,Fog,23,519
4,3,Clear,21,426
13,1,Fog,31,528
15,3,Fog,38,434
14,1,Rain,31,613
18,2,Clear,30,616
16,2,Fog,24,287
17,0,Rain,34,897
15,1,Rain,25,538
11,5,Clear,35,96
15,4,Fog,21,462
15,4,Rain,32,573
9,6,Clear,24,617
20,4,Rain,32,542
8,0,Clear,29,731
20,5,Fog,30,237
9,6,Rain,34,677
4,5,Rain,22,522
1,4,Fog,33,579
22,3,Clear,21,311
5,5,Rain,38,460
22,3,Fog,26,390
16,3,Rain,30,530
18,0,Fog,37,642
5,3,Fog,26,387
20,4,Rain,25,322
21,5,Fog,24,254
21,5,Fog,21,325
13,5,Rain,30,464
0,1,Fog,30,308
14,6,Rain,33,419
23,2,Clear,26,485
4,5,Clear,30,192
13,1,Clear,31,228
20,5,Clear,29,296
6,3,Fog,34,526
21,5,Fog,20,374
4,5,Clear,24,244
3,6,Fog,33,274
20,3,Rain,24,568
22,0,Rain,39,493
10,1,Fog,30,495
14,2,Rain,32,463
18,5,Clear,29,562
1,6,Fog,24,257
1,6,Fog,30,414
10,6,Fog,24,340
17,2,Rain,28,1189
6,1,Rain,38,357
8,5,Fog,28,586
10,3,Rain,32,606
19,1,Clear,30,977
7,6,Clear,26,687
3,1,Rain,33,558
10,3,Rain,21,598
1,4,Rain,30,537
4,4,Clear,28,256
20,6,Rain,37,462
9,3,Clear,28,822
23,5,Clear,20,304
18,1,Fog,33,783
1,2,Rain,28,400
8,1,Rain,22,745
14,5,Clear,21,395
23,3,Fog,24,328
23,5,Rain,30,283
21,5,Rain,22,440
8,0,Clear,33,863
2,2,Fog,25,452
18,3,Fog,32,834
21,3,Fog,22,429
10,4,Fog,28,461
10,3,Fog,33,370
4,4,Clear,24,403
12,2,Rain,35,538
0,5,Clear,37,143
3,2,Fog,26,537
2,6,Clear,21,159
9,5,Clear,23,748
5,0,Rain,34,342
8,3,Rain,24,871
15,1,Clear,21,490
3,6,Rain,24,284
15,6,Rain,22,313
5,4,Clear,31,328
9,6,Rain,35,698
17,6,Rain,28,1034
23,0,Clear,33,451
16,0,Clear,28,201
15,1,Rain,21,624
4,1,Clear,31,244
13,5,Clear,23,300
21,1,Rain,28,366
12,5,Fog,24,507
8,6,Rain,37,875
12,6,Rain,29,507
17,2,Rain,34,929
20,3,Fog,26,505
10,6,Fog,24,196
2,1,Clear,36,283
3,5,Fog,25,377
1,1,Fog,36,425
8,1,Clear,26,754
2,4,Fog,21,578
16,6,Fog,29,213
8,1,Rain,22,813
16,2,Fog,39,424
3,1,Fog,28,377
13,4,Rain,37,558
12,1,Rain,20,459
8,3,Fog,30,917
22,0,Rain,35,466
18,4,Clear,28,950
1,5,Fog,29,433
3,3,Clear,32,369
3,2,Rain,38,606
10,1,Fog,38,304
1,2,Fog,28,571
10,2,Fog,26,376
15,3,Clear,22,236
7,1,Clear,34,992
12,2,Rain,32,372
0,1,Fog,37,336
2,3,Clear,28,392
22,0,Fog,26,525
16,5,Fog,35,334
0,1,Rain,29,565
5,2,Clear,39,379
14,3,Rain,37,357
18,1,Rain,37,1070
23,6,Fog,35,280
4,4,Fog,29,449
1,4,Rain,25,632
22,0,Fog,34,349
10,3,Rain,22,563
13,5,Rain,36,438
9,1,Fog,32,820
18,4,Rain,23,908
15,4,Clear,32,386
3,0,Fog,20,506
8,6,Fog,32,885
19,0,Rain,29,729
16,3,Fog,34,297
18,2,Clear,32,629
16,6,Fog,35,220
4,0,Fog,34,506
0,0,Rain,22,540
7,0,Rain,32,1003
16,4,Clear,23,476
22,2,Fog,39,334
2,5,Fog,22,348
14,3,Fog,38,553
2,0,Rain,39,428
9,4,Clear,20,678
12,4,Rain,33,388
2,3,Clear,22,245
8,2,Clear,23,1073
16,5,Fog,37,300
9,0,Fog,30,809
22,3,Rain,23,484
17,1,Fog,38,669
12,4,Clear,39,384
4,5,Clear,36,170
1,2,Clear,35,359
20,2,Fog,24,374
15,6,Fog,33,285
19,0,Clear,25,797
21,0,Fog,24,539
1,2,Clear,32,498
4,5,Fog,32,406
3,2,Clear,29,297
7,4,Fog,36,714
14,4,Rain,24,544
19,1,Rain,23,1087
7,1,Rain,38,915
10,6,Rain,34,267
0,6,Fog,24,234
17,0,Rain,29,1021
7,3,Clear,30,860
1,4,Rain,20,463
17,5,Fog,20,1021
11,2,Clear,36,426
16,5,Clear,38,321
16,3,Clear,23,479
4,3,Fog,34,579
11,3,Clear,29,281
11,5,Rain,34,201
6,4,Clear,24,294
0,1,Fog,35,364
23,3,Clear,35,350
1,0,Rain,25,636
17,6,Rain,35,992
10,6,Fog,35,216
6,5,Clear,35,394
17,4,Clear,34,706
19,4,Fog,34,1037
5,0,Clear,20,278
22,1,Rain,33,428
18,4,Fog,32,967
13,1,Clear,32,365
9,6,Rain,39,1109
0,4,Clear,27,204
5,0,Fog,35,509
11,0,Clear,22,383
8,0,Clear,22,840
4,6,Fog,26,420
5,6,Rain,32,293
7,3,Rain,30,1038
21,3,Clear,27,253
16,1,Rain,32,358
8,2,Fog,33,801
5,6,Clear,24,306
22,6,Fog,35,317
13,1,Rain,21,532
15,3,Fog,38,272
8,1,Fog,28,864
15,5,Clear,37,400
7,4,Clear,25,754
19,1,Rain,28,1076
13,3,Fog,22,453
15,6,Clear,30,272
21,0,Fog,32,574
22,2,Rain,38,371
5,0,Fog,22,392
11,1,Rain,29,545
12,0,Rain,22,508
3,6,Rain,20,343
13,6,Fog,29,422
10,2,Clear,21,286
0,1,Fog,34,523
15,5,Clear,21,269
16,2,Clear,39,370
11,0,Rain,20,399
21,6,Clear,33,386
8,5,Fog,39,810
1,1,Fog,35,581
21,4,Fog,39,293
2,5,Fog,26,278
15,0,Rain,37,515
6,1,Fog,27,411
16,0,Fog,36,591
5,2,Rain,35,409
15,3,Rain,24,433
22,2,Clear,21,251
13,2,Fog,29,454
19,0,Rain,29,925
18,0,Clear,31,959
8,5,Clear,39,692
3,4,Clear,23,487
3,1,Rain,38,495
8,4,Clear,35,949
11,3,Fog,35,541
18,0,Clear,26,702
5,0,Fog,31,357
11,0,Rain,37,509
20,2,Fog,23,439
2,5,Fog,20,254
23,6,Clear,24,371
12,0,Fog,35,508
9,3,Fog,28,1008
17,3,Rain,34,1096
1,5,Fog,24,415
16,5,Rain,37,268
6,6,Rain,37,455
20,1,Clear,26,270
3,0,Clear,20,205
1,6,Clear,27,291
2,4,Clear,22,253
11,1,Clear,24,412
9,4,Rain,22,955
19,1,Clear,37,667
22,4,Rain,34,580
21,0,Rain,26,553
21,1,Fog,35,553
6,3,Clear,29,452
12,1,Clear,36,290
21,0,Rain,25,419
14,0,Rain,33,654
6,6,Rain,36,214
7,5,Fog,35,674
2,4,Rain,21,447
12,3,Clear,26,292
11,5,Clear,34,241
19,1,Clear,27,962
4,3,Fog,38,345
3,6,Fog,22,208
19,2,Clear,20,765
0,0,Clear,37,262
0,0,Fog,33,314
1,4,Clear,31,223
6,4,Clear,36,326
1,1,Clear,39,345
5,5,Rain,29,226
14,5,Rain,31,273
7,3,Fog,29,863
4,2,Rain,27,683
21,0,Fog,37,305
15,3,Rain,25,538
19,6,Clear,23,718
7,2,Fog,20,757
8,0,Fog,23,948
0,3,Clear,24,277
0,2,Fog,20,340
18,0,Clear,23,780
6,4,Clear,21,318
9,5,Rain,37,705
21,1,Rain,25,448
6,2,Fog,31,396
8,6,Fog,26,741
19,2,Rain,35,877
12,4,Clear,27,230
17,2,Rain,28,891
15,2,Clear,25,224
16,4,Fog,21,472
16,4,Rain,24,401
23,5,Clear,34,169
4,1,Rain,36,488
22,0,Rain,30,540
14,1,Rain,30,404
8,0,Clear,35,635
3,4,Fog,27,312
0,5,Fog,34,425
13,0,Rain,21,604
18,3,Rain,39,944
22,0,Clear,30,289
2,3,Clear,20,332
22,4,Clear,30,343
2,4,Fog,26,401
15,2,Clear,34,399
20,5,Clear,24,168
7,0,Rain,23,901
23,5,Fog,24,240
0,0,Fog,29,533
15,2,Clear,32,238
15,0,Rain,35,508
3,4,Clear,29,284
21,1,Rain,33,347
18,6,Clear,39,731
3,3,Clear,25,218
5,1,Rain,33,346
23,4,Fog,36,289
14,0,Clear,27,392
19,2,Fog,35,769
22,6,Fog,23,255
1,0,Rain,35,408
15,2,Clear,21,315
20,3,Fog,27,488
21,5,Fog,27,330
3,4,Fog,37,573
8,3,Clear,25,716
13,3,Fog,25,446
2,3,Clear,28,358
5,1,Rain,38,491
4,2,Rain,27,485
13,4,Fog,24,445
17,3,Fog,33,679
16,1,Rain,23,659
7,0,Rain,28,942
7,5,Fog,29,845
18,4,Clear,27,840
6,3,Clear,27,388
13,3,Fog,30,448
18,2,Clear,25,783
7,3,Clear,26,646
18,5,Fog,39,704
0,6,Clear,33,273
11,0,Clear,31,373
13,5,Clear,30,144
5,1,Fog,28,340
3,0,Clear,33,465
13,2,Clear,33,402
20,4,Clear,29,445
13,3,Rain,24,651
13,3,Clear,20,273
1,4,Clear,38,314
1,1,Clear,25,207
20,6,Clear,26,258
0,0,Clear,23,438
19,5,Clear,25,548
9,6,Clear,24,549
2,3,Fog,27,385
23,6,Fog,25,245
22,0,Rain,34,449
9,6,Clear,31,641
18,6,Fog,25,799
5,0,Fog,26,415
12,0,Clear,35,296
21,0,Fog,38,548
3,5,Fog,35,257
23,3,Rain,26,389
19,0,Clear,35,715
8,5,Fog,28,764
13,3,Rain,24,447
1,4,Rain,29,599
2,2,Clear,27,203
19,1,Clear,32,890
18,1,Rain,23,873
0,4,Clear,24,331
20,1,Clear,29,233
1,3,Fog,39,309
1,1,Fog,20,540
16,2,Clear,39,392
16,1,Rain,33,628
5,5,Clear,27,210
9,2,Fog,26,915
0,6,Clear,37,374
12,4,Rain,32,459
19,0,Fog,31,855
17,3,Rain,36,714
9,0,Fog,33,766
22,2,Rain,38,554
12,6,Clear,33,102
3,0,Rain,25,341
22,2,Fog,22,332
22,3,Rain,21,570
20,5,Rain,32,201
1,3,Clear,29,250
6,5,Clear,32,255
14,4,Rain,30,670
15,6,Fog,31,171
17,1,Rain,31,975
14,6,Fog,35,375
5,0,Fog,30,567
16,5,Fog,31,159
11,3,Clear,37,447
16,2,Fog,32,315
20,6,Clear,24,293
17,6,Rain,39,1037
9,4,Rain,25,1053
20,0,Fog,36,488
2,3,Rain,33,500
0,5,Rain,26,240
21,2,Rain,27,525
21,4,Rain,29,395
20,0,Fog,34,413
10,4,Fog,34,480
10,1,Fog,39,457
9,1,Rain,38,1047
13,5,Fog,20,195
6,3,Rain,29,626
23,0,Fog,21,499
12,6,Clear,33,115
9,0,Fog,31,881
7,3,Fog,34,903
15,1,Rain,31,495
12,6,Rain,20,409
18,3,Rain,24,978
3,0,Rain,36,386
9,1,Fog,39,612
7,6,Clear,23,698
16,4,Rain,25,423
9,6,Rain,28,907
1,0,Fog,25,513
13,1,Fog,35,395
16,5,Clear,31,244
